card_id,card_name,ip,cc,primary_type,secondary_type,era,ability_name,ability_text,decks,copies,note
india_priest_king,Priest-King,6,5,Political,,Harappan,Unknown Authority,At Once: Take on the text from the card at the bottom of your deck.,priest_king,1,
india_great_bath,Great Bath,5,4,Religious,,Harappan,Sacred Water,"When a card is played or moves here, restore it to its base IP.",priest_king,1,
india_granary,Granary,2,3,Economic,,Harappan,Surplus,End of Turn: Gain +1 IP for every Capital you did not spend this turn.,priest_king,1,
india_drainage_system,Drainage System,3,4,Scientific,,Harappan,Carried Away,At Once: Heal all damage to your cards here. Gain that much IP.,priest_king,1,
india_pashupati,Lord of the Beasts,3,4,Religious,,Harappan,Unleash the Beast,At Once: Send a beast to another location.,priest_king,1,
india_beast,Beast,4,3,Labor,,Harappan,Rawr!,,,0,"TOKEN - summoned by Lord of the Beasts, not in any deck"
india_cotton,Cotton,1,1,Economic,,Early India,Natural Resource,At Once: Your Labor cards here gain +2 IP.,priest_king|siddhartha|gupta,1,
india_indus_seals,Indus Seals,3,2,Economic,,Harappan,Stamped and Sealed,At Once: Merge into a card here. Additional +1 if it's Economic.,priest_king,1,
india_fired_brick,Fired Brick,2,2,Labor,,Harappan,One Size,At Once: Draw a card and set each card in your hand's IP equal to its CC.,priest_king,1,
india_standardized_weights,Standardized Weights,3,3,Economic,,Harappan,Honest Measure,At Once: Set all cards here to 3 IP.,priest_king,1,
india_farmer,Farmer,0,1,Labor,,Harappan,Sowing Season,At Once: The top card of your deck gains +3 IP.,priest_king,2,
india_merchant,Merchant,2,1,Economic,,Harappan,Trade Route,"When you play an Economic card here, gain +1 IP and move. +1 more if it's from a different civilization.",priest_king,2,
india_priest,Priest,0,2,Religious,,Harappan,Sacrificial Rites,At Once: Each card in your hand gives 1 IP to your Priest.,priest_king,2,
india_the_buddha,The Buddha,0,4,Religious,,Early India,Four Noble Truths,Continuous: +2 IP for each of your cards in play with damage.,siddhartha,1,
india_ashoka,Asoka,5,5,Political,,Early India,The Sword & The Scroll,"At Once: Destroy all your cards here. For each card destroyed, give +2 IP to your Religious cards in-hand.",siddhartha,1,
india_stupa,Stupa,2,3,Religious,,Early India,Circling the Shrine,End of Turn: +1 IP to your other Religious cards here.,siddhartha,1,
india_jain,Jain,2,2,Religious,,Early India,Nonviolence,Continuous: Military cards cannot be played here.,siddhartha,1,
india_missionary,Missionary,3,2,Religious,,Early India,Turn The Wheel,Can move once. +1 IP to your non-Religious cards when arriving at a new location.,siddhartha,1,also used in the China set (Zhang Qian deck)
india_upanishads,Upanishads,3,3,Religious,,Early India,Reincarnation,At Once: A discarded or destroyed card returns here.,siddhartha,1,
india_brahmin,Brahmin,4,4,Religious,,Early India,The Priestly Privilege,Continuous: Gain +1 IP for each other Religious or Political card you control here.,siddhartha|gupta,1,
india_kshatriya,Kshatriya,3,3,Military,,Early India,The Soldier's Duty,At Once: Destroy an opponent card here with less IP.,siddhartha|gupta,1,
india_shudra,Shudra,0,1,Labor,,Early India,The Worker's Burden,Your cards played here gain +1 IP.,siddhartha|gupta,1,
india_dalits,Dalit,0,0,Labor,,Early India,Outcaste,Continuous: Decrease all other cards here by -1 IP.,siddhartha|gupta,1,
india_vaishya,Vaishya,2,2,Economic,,Early India,The Trader's Duty,"When you play an Economic card here, gain +2 IP and move. +1 more if it's from a different civilization.",siddhartha|gupta,1,
india_vaishya_farmer,Vaishya,2,2,Labor,,Early India,The Farmer's Duty,At Once: The top card of your deck gains +2 IP.,siddhartha|gupta,1,"same display name as india_vaishya, different card"
india_caste_system,Caste System,4,4,Political,,Early India,Social Hierarchy,"Continuous: Reduce the IP of all cards here that cost 0, 1, or 2 CC by -1 IP.",siddhartha|gupta,1,
india_sanskrit,Sanskrit,1,1,Cultural,,Early India,Sacred Script,At Once: Merge into a card here. Additional +2 IP if it's Religious.,siddhartha|gupta,1,
india_the_gupta,The Gupta,4,5,Political,,Early India,Golden Age,End of Turn: +1 IP to each of your Scientific and Cultural cards here.,gupta,1,
india_bhagavad_gita,Bhagavad Gita,3,4,Religious,,Early India,Dharma,Continuous: +2 IP to locations where your cards are all different types.,gupta,1,
india_number_zero,Number Zero,0,1,Scientific,,Early India,From Nothing,End of Turn: +1 IP to your other Scientific cards here.,gupta,1,
india_inoculation,Inoculation,2,2,Scientific,,Early India,Immunity,At Once: -1 IP to a card here and then 2x its IP.,gupta,1,
india_alloy,Alloy,1,3,Scientific,,Early India,Stronger Together,"At Once: Merge with the last card you played here, and 2x the IP.",gupta,1,
india_vedas,Vedas,4,4,Religious,,Early India,Holy Hymnals,At Once: -1 CC to Religious cards in-hand.,gupta,1,
